{"cameraMode":{"drawMode":0,"name":"Shaded","section":"Shading Mode"},"sceneLighting":true,"audioPlay":false,"sceneViewState":{"m_AlwaysRefresh":false,"showFog":true,"showSkybox":true,"showFlares":true,"showImageEffects":true,"showParticleSystems":true,"showVisualEffectGraphs":true,"m_FxEnabled":true},"in2DMode":false,"pivot":{"x":766.840576171875,"y":307.4118347167969,"z":0.04132080078125},"rotation":{"x":0.008190346881747246,"y":-0.0009026320185512304,"z":-0.00000742853853807901,"w":-0.999975323677063},"size":165.97320556640626,"orthographic":false}